,propensity,flux intensity,Type
22RV1_PROSTATE,0.3547,14.794441797783064,PROSTATE
2313287_STOMACH,0.3046,13.072794858340105,STOMACH
5637_URINARY_TRACT,0.5422,12.879744410757423,URINARY TRACT
697_HAEMATOPOIETIC_AND_LYMPHOID_TISSUE,0.5623,10.43019796872862,HAEMATOPOIETIC AND LYMPHOID TISSUE
769P_KIDNEY,0.4553,17.51455618606177,KIDNEY
786O_KIDNEY,0.4685,16.73639953351371,KIDNEY
8305C_THYROID,0.5846,10.297786894753544,THYROID
A2780_OVARY,0.5813,9.944028979023445,OVARY
A3KAW_HAEMATOPOIETIC_AND_LYMPHOID_TISSUE,0.5387,7.111268656964021,HAEMATOPOIETIC AND LYMPHOID TISSUE
A4FUK_HAEMATOPOIETIC_AND_LYMPHOID_TISSUE,0.5379,7.206611717444733,HAEMATOPOIETIC AND LYMPHOID TISSUE
ACCMESO1_PLEURA,0.6058,9.945966854383885,PLEURA
ALLSIL_HAEMATOPOIETIC_AND_LYMPHOID_TISSUE,0.5547,7.424468204821726,HAEMATOPOIETIC AND LYMPHOID TISSUE
AMO1_HAEMATOPOIETIC_AND_LYMPHOID_TISSUE,0.5371,7.301150521585894,HAEMATOPOIETIC AND LYMPHOID TISSUE
ASPC1_PANCREAS,0.4369,22.5135799017329,PANCREAS
AU565_BREAST,0.3623,11.263629010678809,BREAST
BCP1_HAEMATOPOIETIC_AND_LYMPHOID_TISSUE,0.5386,7.19899983504501,HAEMATOPOIETIC AND LYMPHOID TISSUE
BCPAP_THYROID,0.5842,10.426663630493309,THYROID
BDCM_HAEMATOPOIETIC_AND_LYMPHOID_TISSUE,0.5541,7.447154513170172,HAEMATOPOIETIC AND LYMPHOID TISSUE
BL41_HAEMATOPOIETIC_AND_LYMPHOID_TISSUE,0.5433,7.106456762454075,HAEMATOPOIETIC AND LYMPHOID TISSUE
BL70_HAEMATOPOIETIC_AND_LYMPHOID_TISSUE,0.5464,7.051441338258944,HAEMATOPOIETIC AND LYMPHOID TISSUE
BT483_BREAST,0.3674,10.702390515392844,BREAST
BT549_BREAST,0.5834,10.1610535059189,BREAST
BV173_HAEMATOPOIETIC_AND_LYMPHOID_TISSUE,0.5747,10.369811392745545,HAEMATOPOIETIC AND LYMPHOID TISSUE
BXPC3_PANCREAS,0.4712,15.785196031218613,PANCREAS
CA46_HAEMATOPOIETIC_AND_LYMPHOID_TISSUE,0.5524,7.120726709276538,HAEMATOPOIETIC AND LYMPHOID TISSUE
CADOES1_BONE,0.3983,12.969261802931992,BONE
CAL78_BONE,0.4647,13.821073327243914,BONE
CCFSTTG1_CENTRAL_NERVOUS_SYSTEM,0.4684,14.360372568585026,CENTRAL NERVOUS SYSTEM
CHAGOK1_LUNG,0.4813,12.95425645075491,LUNG
CHP126_AUTONOMIC_GANGLIA,0.3443,17.289207578626495,AUTONOMIC GANGLIA
CMK_HAEMATOPOIETIC_AND_LYMPHOID_TISSUE,0.4432,18.46525552993495,HAEMATOPOIETIC AND LYMPHOID TISSUE
CMLT1_HAEMATOPOIETIC_AND_LYMPHOID_TISSUE,0.5552,7.375227061411158,HAEMATOPOIETIC AND LYMPHOID TISSUE
COLO201_LARGE_INTESTINE,0.3597,18.53314006176004,LARGE INTESTINE
COLO320_LARGE_INTESTINE,0.4719,12.458408344654474,LARGE INTESTINE
COLO668_LUNG,0.4777,8.188207855481574,LUNG
COLO678_LARGE_INTESTINE,0.3756,19.59294353081608,LARGE INTESTINE
COLO679_SKIN,0.6105,10.906832471033187,SKIN
COLO680N_OESOPHAGUS,0.4552,12.715322612826151,OESOPHAGUS
COLO684_ENDOMETRIUM,0.3747,15.223756193985372,ENDOMETRIUM
COLO741_SKIN,0.6169,10.76162044791503,SKIN
COLO783_SKIN,0.6169,10.74625578419917,SKIN
COLO792_SKIN,0.6196,10.69908243649366,SKIN
COLO800_SKIN,0.615,11.043790945626622,SKIN
COLO829_SKIN,0.6138,10.936067641266078,SKIN
CORL105_LUNG,0.4434,16.82622860224485,LUNG
CORL23_LUNG,0.4755,16.062480404245747,LUNG
CORL24_LUNG,0.4529,12.481051727289232,LUNG
CORL279_LUNG,0.4723,11.045315055893695,LUNG
CORL311_LUNG,0.3824,14.379575416069676,LUNG
CORL47_LUNG,0.4724,10.650715259493316,LUNG
CORL88_LUNG,0.4829,9.78641029707311,LUNG
CORL95_LUNG,0.4736,8.800059137576003,LUNG
COV434_OVARY,0.5778,9.686575214076482,OVARY
CW2_LARGE_INTESTINE,0.3218,15.472657202525612,LARGE INTESTINE
DANG_PANCREAS,0.4722,16.077420235025276,PANCREAS
DAUDI_HAEMATOPOIETIC_AND_LYMPHOID_TISSUE,0.5522,7.005747141145758,HAEMATOPOIETIC AND LYMPHOID TISSUE
DBTRG05MG_CENTRAL_NERVOUS_SYSTEM,0.4677,14.08365481887262,CENTRAL NERVOUS SYSTEM
DB_HAEMATOPOIETIC_AND_LYMPHOID_TISSUE,0.5595,6.913432256779281,HAEMATOPOIETIC AND LYMPHOID TISSUE
DEL_HAEMATOPOIETIC_AND_LYMPHOID_TISSUE,0.5685,7.91017054389723,HAEMATOPOIETIC AND LYMPHOID TISSUE
DKMG_CENTRAL_NERVOUS_SYSTEM,0.4624,14.320691959020962,CENTRAL NERVOUS SYSTEM
DMS79_LUNG,0.4715,11.225697504357532,LUNG
DND41_HAEMATOPOIETIC_AND_LYMPHOID_TISSUE,0.5535,7.398019387719448,HAEMATOPOIETIC AND LYMPHOID TISSUE
DOHH2_HAEMATOPOIETIC_AND_LYMPHOID_TISSUE,0.5504,7.125988366691272,HAEMATOPOIETIC AND LYMPHOID TISSUE
DU4475_BREAST,0.3259,12.96293646929288,BREAST
DV90_LUNG,0.3045,13.683953687785724,LUNG
EB1_HAEMATOPOIETIC_AND_LYMPHOID_TISSUE,0.5473,7.368800574858514,HAEMATOPOIETIC AND LYMPHOID TISSUE
ECC10_STOMACH,0.3685,12.663369769095697,STOMACH
ECC12_STOMACH,0.4792,8.20336788273121,STOMACH
EFE184_ENDOMETRIUM,0.4129,20.02216299031825,ENDOMETRIUM
EFM192A_BREAST,0.3644,11.029436755088774,BREAST
EFM19_BREAST,0.3668,10.791073027351118,BREAST
EFO21_OVARY,0.3943,21.43391436590532,OVARY
EFO27_OVARY,0.4462,16.891164758243143,OVARY
EHEB_HAEMATOPOIETIC_AND_LYMPHOID_TISSUE,0.5517,7.342130786318791,HAEMATOPOIETIC AND LYMPHOID TISSUE
EKVX_LUNG,0.4555,16.627988946824928,LUNG
EM2_HAEMATOPOIETIC_AND_LYMPHOID_TISSUE,0.5362,7.626163509981267,HAEMATOPOIETIC AND LYMPHOID TISSUE
EOL1_HAEMATOPOIETIC_AND_LYMPHOID_TISSUE,0.5374,7.601394924390159,HAEMATOPOIETIC AND LYMPHOID TISSUE
EPLC272H_LUNG,0.5805,11.553756311960926,LUNG
ESS1_ENDOMETRIUM,0.4984,13.249386092822446,ENDOMETRIUM
F36P_HAEMATOPOIETIC_AND_LYMPHOID_TISSUE,0.4392,19.267994325570623,HAEMATOPOIETIC AND LYMPHOID TISSUE
GA10_HAEMATOPOIETIC_AND_LYMPHOID_TISSUE,0.5444,7.101266949058673,HAEMATOPOIETIC AND LYMPHOID TISSUE
GDM1_HAEMATOPOIETIC_AND_LYMPHOID_TISSUE,0.5542,7.935849858271572,HAEMATOPOIETIC AND LYMPHOID TISSUE
GSS_STOMACH,0.4487,12.18226240622274,STOMACH
GSU_STOMACH,0.3056,13.254127971520818,STOMACH
HARA_LUNG,0.587,11.62286171876433,LUNG
HCC1143_BREAST,0.3944,16.8690019936805,BREAST
HCC1171_LUNG,0.3944,19.826536040143644,LUNG
HCC1187_BREAST,0.3746,15.288807219796912,BREAST
HCC1195_LUNG,0.4025,19.901654521818845,LUNG
HCC1359_LUNG,0.5781,9.218864515748908,LUNG
HCC1395_BREAST,0.4751,13.735099638330556,BREAST
HCC1419_BREAST,0.3678,10.771826055839991,BREAST
HCC1428_BREAST,0.3626,10.90032289063586,BREAST
HCC1438_LUNG,0.5772,9.630141136909176,LUNG
HCC1500_BREAST,0.3679,10.656350337300072,BREAST
HCC1569_BREAST,0.4774,13.174027312026771,BREAST
HCC1588_LUNG,0.3334,15.407064311340374,LUNG
HCC1599_BREAST,0.4318,13.979148892718808,BREAST
HCC15_LUNG,0.4609,16.472236138431754,LUNG
HCC1806_BREAST,0.5372,12.593575989391672,BREAST
HCC1833_LUNG,0.3488,10.371281525669051,LUNG
HCC1937_BREAST,0.3973,17.949664158504465,BREAST
HCC1954_BREAST,0.4226,17.438217982193017,BREAST
HCC202_BREAST,0.3668,10.8103441584256,BREAST
HCC2108_LUNG,0.5872,9.861280439639533,LUNG
HCC2218_BREAST,0.3642,10.825555593783427,BREAST
HCC2279_LUNG,0.4811,13.761641196452638,LUNG
HCC2935_LUNG,0.3979,20.540242882630693,LUNG
HCC33_LUNG,0.471,11.773374610605236,LUNG
HCC366_LUNG,0.4783,13.791464044947748,LUNG
HCC38_BREAST,0.3713,15.556281581273746,BREAST
HCC4006_LUNG,0.3887,19.954297679297948,LUNG
HCC44_LUNG,0.467,16.19986122171726,LUNG
HCC56_LARGE_INTESTINE,0.3294,15.333960830535185,LARGE INTESTINE
HCC70_BREAST,0.4197,17.534553193952956,BREAST
HCC78_LUNG,0.4091,20.46928585608205,LUNG
HCC827_LUNG,0.439,16.306784703693527,LUNG
HCC95_LUNG,0.5828,11.961786758322567,LUNG
HCT15_LARGE_INTESTINE,0.3527,17.562447302368128,LARGE INTESTINE
HDLM2_HAEMATOPOIETIC_AND_LYMPHOID_TISSUE,0.5571,7.825399837647778,HAEMATOPOIETIC AND LYMPHOID TISSUE
HDMYZ_HAEMATOPOIETIC_AND_LYMPHOID_TISSUE,0.58,9.352872162614563,HAEMATOPOIETIC AND LYMPHOID TISSUE
HEL9217_HAEMATOPOIETIC_AND_LYMPHOID_TISSUE,0.4411,19.17669727767251,HAEMATOPOIETIC AND LYMPHOID TISSUE
HEL_HAEMATOPOIETIC_AND_LYMPHOID_TISSUE,0.4384,19.08629022538657,HAEMATOPOIETIC AND LYMPHOID TISSUE
HH_HAEMATOPOIETIC_AND_LYMPHOID_TISSUE,0.5477,7.678040221669672,HAEMATOPOIETIC AND LYMPHOID TISSUE
HMC18_BREAST,0.5768,9.453595689675415,BREAST
HOP62_LUNG,0.4968,13.254847610946182,LUNG
HOP92_LUNG,0.4717,13.889708971684064,LUNG
HPBALL_HAEMATOPOIETIC_AND_LYMPHOID_TISSUE,0.5541,7.375619789948526,HAEMATOPOIETIC AND LYMPHOID TISSUE
HT_HAEMATOPOIETIC_AND_LYMPHOID_TISSUE,0.5563,6.948594010999783,HAEMATOPOIETIC AND LYMPHOID TISSUE
HUCCT1_BILIARY_TRACT,0.4728,15.133704601587548,BILIARY TRACT
HUG1N_STOMACH,0.3165,14.394201615464093,STOMACH
HUH28_BILIARY_TRACT,0.5377,11.523658384388282,BILIARY TRACT
HUNS1_HAEMATOPOIETIC_AND_LYMPHOID_TISSUE,0.5503,7.540130336900128,HAEMATOPOIETIC AND LYMPHOID TISSUE
IGROV1_OVARY,0.4075,20.510847092212103,OVARY
IPC298_SKIN,0.6157,10.743350334345902,SKIN
JEKO1_HAEMATOPOIETIC_AND_LYMPHOID_TISSUE,0.5459,7.423478929906876,HAEMATOPOIETIC AND LYMPHOID TISSUE
JK1_HAEMATOPOIETIC_AND_LYMPHOID_TISSUE,0.4374,19.332019913041304,HAEMATOPOIETIC AND LYMPHOID TISSUE
JMSU1_URINARY_TRACT,0.5767,9.294289544291198,URINARY TRACT
JURKAT_HAEMATOPOIETIC_AND_LYMPHOID_TISSUE,0.5541,7.347316069787574,HAEMATOPOIETIC AND LYMPHOID TISSUE
JURLMK1_HAEMATOPOIETIC_AND_LYMPHOID_TISSUE,0.4426,18.309363176034005,HAEMATOPOIETIC AND LYMPHOID TISSUE
JVM2_HAEMATOPOIETIC_AND_LYMPHOID_TISSUE,0.55,7.443260626882365,HAEMATOPOIETIC AND LYMPHOID TISSUE
JVM3_HAEMATOPOIETIC_AND_LYMPHOID_TISSUE,0.5449,7.391252349155186,HAEMATOPOIETIC AND LYMPHOID TISSUE
K029AX_SKIN,0.6174,10.726771376753716,SKIN
K562_HAEMATOPOIETIC_AND_LYMPHOID_TISSUE,0.437,18.29210333160791,HAEMATOPOIETIC AND LYMPHOID TISSUE
KALS1_CENTRAL_NERVOUS_SYSTEM,0.4614,14.30384289045906,CENTRAL NERVOUS SYSTEM
KARPAS299_HAEMATOPOIETIC_AND_LYMPHOID_TISSUE,0.5692,7.909880629511366,HAEMATOPOIETIC AND LYMPHOID TISSUE
KARPAS422_HAEMATOPOIETIC_AND_LYMPHOID_TISSUE,0.5654,6.979741985408098,HAEMATOPOIETIC AND LYMPHOID TISSUE
KARPAS620_HAEMATOPOIETIC_AND_LYMPHOID_TISSUE,0.5388,7.203270243516056,HAEMATOPOIETIC AND LYMPHOID TISSUE
KASUMI1_HAEMATOPOIETIC_AND_LYMPHOID_TISSUE,0.5381,7.685430651141938,HAEMATOPOIETIC AND LYMPHOID TISSUE
KASUMI2_HAEMATOPOIETIC_AND_LYMPHOID_TISSUE,0.5712,10.377406419335308,HAEMATOPOIETIC AND LYMPHOID TISSUE
KASUMI6_HAEMATOPOIETIC_AND_LYMPHOID_TISSUE,0.5379,7.624210770339276,HAEMATOPOIETIC AND LYMPHOID TISSUE
KCL22_HAEMATOPOIETIC_AND_LYMPHOID_TISSUE,0.5738,8.891045200662576,HAEMATOPOIETIC AND LYMPHOID TISSUE
KE37_HAEMATOPOIETIC_AND_LYMPHOID_TISSUE,0.5539,7.379735752306536,HAEMATOPOIETIC AND LYMPHOID TISSUE
KE39_STOMACH,0.3207,15.39663162554177,STOMACH
KE97_HAEMATOPOIETIC_AND_LYMPHOID_TISSUE,0.5498,7.509325473901996,HAEMATOPOIETIC AND LYMPHOID TISSUE
KELLY_AUTONOMIC_GANGLIA,0.3439,17.260178217571223,AUTONOMIC GANGLIA
KHM1B_HAEMATOPOIETIC_AND_LYMPHOID_TISSUE,0.5373,7.118831364390126,HAEMATOPOIETIC AND LYMPHOID TISSUE
KIJK_HAEMATOPOIETIC_AND_LYMPHOID_TISSUE,0.5667,7.833979002009011,HAEMATOPOIETIC AND LYMPHOID TISSUE
KMH2_HAEMATOPOIETIC_AND_LYMPHOID_TISSUE,0.5441,7.653203300465514,HAEMATOPOIETIC AND LYMPHOID TISSUE
KMM1_HAEMATOPOIETIC_AND_LYMPHOID_TISSUE,0.5385,7.112695512572563,HAEMATOPOIETIC AND LYMPHOID TISSUE
KMS11_HAEMATOPOIETIC_AND_LYMPHOID_TISSUE,0.5372,7.11129176930586,HAEMATOPOIETIC AND LYMPHOID TISSUE
KMS12BM_HAEMATOPOIETIC_AND_LYMPHOID_TISSUE,0.537,7.21183149606424,HAEMATOPOIETIC AND LYMPHOID TISSUE
KMS20_HAEMATOPOIETIC_AND_LYMPHOID_TISSUE,0.5377,7.250557507534963,HAEMATOPOIETIC AND LYMPHOID TISSUE
KMS21BM_HAEMATOPOIETIC_AND_LYMPHOID_TISSUE,0.5373,7.132094164424728,HAEMATOPOIETIC AND LYMPHOID TISSUE
KMS26_HAEMATOPOIETIC_AND_LYMPHOID_TISSUE,0.5376,7.089268989401755,HAEMATOPOIETIC AND LYMPHOID TISSUE
KMS27_HAEMATOPOIETIC_AND_LYMPHOID_TISSUE,0.538,7.169466273467433,HAEMATOPOIETIC AND LYMPHOID TISSUE
KMS28BM_HAEMATOPOIETIC_AND_LYMPHOID_TISSUE,0.5376,7.167490540764147,HAEMATOPOIETIC AND LYMPHOID TISSUE
KMS34_HAEMATOPOIETIC_AND_LYMPHOID_TISSUE,0.5374,7.121522497961294,HAEMATOPOIETIC AND LYMPHOID TISSUE
KOPN8_HAEMATOPOIETIC_AND_LYMPHOID_TISSUE,0.5773,9.896047880434931,HAEMATOPOIETIC AND LYMPHOID TISSUE
KP2_PANCREAS,0.4715,15.539688651399109,PANCREAS
KP3_PANCREAS,0.44,17.35085367655274,PANCREAS
KPNRTBM1_AUTONOMIC_GANGLIA,0.3425,17.286092053065694,AUTONOMIC GANGLIA
KPNSI9S_AUTONOMIC_GANGLIA,0.4671,13.841813014022438,AUTONOMIC GANGLIA
KPNYN_AUTONOMIC_GANGLIA,0.3487,17.23791305505946,AUTONOMIC GANGLIA
KU1919_URINARY_TRACT,0.466,15.910521451842214,URINARY TRACT
KU812_HAEMATOPOIETIC_AND_LYMPHOID_TISSUE,0.4428,18.833225015574595,HAEMATOPOIETIC AND LYMPHOID TISSUE
KURAMOCHI_OVARY,0.4576,22.508341258892383,OVARY
KYO1_HAEMATOPOIETIC_AND_LYMPHOID_TISSUE,0.4379,18.086003666086,HAEMATOPOIETIC AND LYMPHOID TISSUE
KYSE140_OESOPHAGUS,0.5848,11.908627469600106,OESOPHAGUS
KYSE180_OESOPHAGUS,0.5827,11.606225580583269,OESOPHAGUS
KYSE270_OESOPHAGUS,0.4711,16.06293693517558,OESOPHAGUS
KYSE410_OESOPHAGUS,0.5849,11.637880592180876,OESOPHAGUS
KYSE510_OESOPHAGUS,0.5199,13.450103080197009,OESOPHAGUS
KYSE520_OESOPHAGUS,0.4908,14.36365552643485,OESOPHAGUS
KYSE70_OESOPHAGUS,0.5888,11.756854902778397,OESOPHAGUS
L1236_HAEMATOPOIETIC_AND_LYMPHOID_TISSUE,0.5439,7.705834683873766,HAEMATOPOIETIC AND LYMPHOID TISSUE
L33_PANCREAS,0.4651,15.83268110836534,PANCREAS
L363_HAEMATOPOIETIC_AND_LYMPHOID_TISSUE,0.5386,7.107132091414614,HAEMATOPOIETIC AND LYMPHOID TISSUE
L428_HAEMATOPOIETIC_AND_LYMPHOID_TISSUE,0.5501,7.785801087510417,HAEMATOPOIETIC AND LYMPHOID TISSUE
L540_HAEMATOPOIETIC_AND_LYMPHOID_TISSUE,0.5625,7.834767737003809,HAEMATOPOIETIC AND LYMPHOID TISSUE
LAMA84_HAEMATOPOIETIC_AND_LYMPHOID_TISSUE,0.4438,18.6020042504082,HAEMATOPOIETIC AND LYMPHOID TISSUE
LC1F_LUNG,0.5904,11.600975863753476,LUNG
LCLC103H_LUNG,0.5404,11.285517446106434,LUNG
LCLC97TM1_LUNG,0.4052,20.18817619578136,LUNG
LI7_LIVER,0.4634,17.524679128765666,LIVER
LK2_LUNG,0.4727,12.449319512279178,LUNG
LNCAPCLONEFGC_PROSTATE,0.3708,10.900669193177244,PROSTATE
LOUCY_HAEMATOPOIETIC_AND_LYMPHOID_TISSUE,0.5518,7.680766908719308,HAEMATOPOIETIC AND LYMPHOID TISSUE
LOUNH91_LUNG,0.4996,13.044799678308935,LUNG
LOXIMVI_SKIN,0.5782,9.145112754920136,SKIN
LS1034_LARGE_INTESTINE,0.3301,15.248470902605426,LARGE INTESTINE
LS411N_LARGE_INTESTINE,0.3245,15.26803448337033,LARGE INTESTINE
LS513_LARGE_INTESTINE,0.3291,15.527832479870783,LARGE INTESTINE
LU65_LUNG,0.4313,17.51094335148267,LUNG
LU99_LUNG,0.5765,9.48499520971608,LUNG
LUDLU1_LUNG,0.4806,15.016746967075488,LUNG
M07E_HAEMATOPOIETIC_AND_LYMPHOID_TISSUE,0.4503,17.666970618160736,HAEMATOPOIETIC AND LYMPHOID TISSUE
MC116_HAEMATOPOIETIC_AND_LYMPHOID_TISSUE,0.5454,7.35112350456745,HAEMATOPOIETIC AND LYMPHOID TISSUE
MDAMB157_BREAST,0.4659,14.054279126659493,BREAST
MDAMB175VII_BREAST,0.365,10.908239044307704,BREAST
MDAMB231_BREAST,0.4579,15.731429290933374,BREAST
MDAMB361_BREAST,0.3647,10.931559431855522,BREAST
MDAMB415_BREAST,0.3642,10.93842506048328,BREAST
MDAMB435S_SKIN,0.6006,11.607702713456437,SKIN
MDAMB453_BREAST,0.3673,10.738094900998084,BREAST
ME1_HAEMATOPOIETIC_AND_LYMPHOID_TISSUE,0.5413,7.739828408553477,HAEMATOPOIETIC AND LYMPHOID TISSUE
MEG01_HAEMATOPOIETIC_AND_LYMPHOID_TISSUE,0.4346,19.57451899435685,HAEMATOPOIETIC AND LYMPHOID TISSUE
MELHO_SKIN,0.6166,10.696326096521233,SKIN
MELJUSO_SKIN,0.6135,10.98941193805143,SKIN
MHHCALL2_HAEMATOPOIETIC_AND_LYMPHOID_TISSUE,0.568,10.467402098303909,HAEMATOPOIETIC AND LYMPHOID TISSUE
MHHCALL3_HAEMATOPOIETIC_AND_LYMPHOID_TISSUE,0.5566,10.564583201007006,HAEMATOPOIETIC AND LYMPHOID TISSUE
MHHCALL4_HAEMATOPOIETIC_AND_LYMPHOID_TISSUE,0.5684,10.512968674127306,HAEMATOPOIETIC AND LYMPHOID TISSUE
MHHES1_BONE,0.5729,9.926570336665504,BONE
MHHNB11_AUTONOMIC_GANGLIA,0.3456,17.000571565173445,AUTONOMIC GANGLIA
MINO_HAEMATOPOIETIC_AND_LYMPHOID_TISSUE,0.5366,7.495352442394155,HAEMATOPOIETIC AND LYMPHOID TISSUE
MKN1_STOMACH,0.4541,16.71750849809995,STOMACH
MKN45_STOMACH,0.3265,16.342215897428748,STOMACH
MKN74_STOMACH,0.4267,13.519039529626427,STOMACH
MKN7_STOMACH,0.4665,13.980033530850736,STOMACH
MM1S_HAEMATOPOIETIC_AND_LYMPHOID_TISSUE,0.5372,7.12328521661495,HAEMATOPOIETIC AND LYMPHOID TISSUE
MOLM13_HAEMATOPOIETIC_AND_LYMPHOID_TISSUE,0.5391,7.566988667798731,HAEMATOPOIETIC AND LYMPHOID TISSUE
MOLM16_HAEMATOPOIETIC_AND_LYMPHOID_TISSUE,0.438,18.72566265331101,HAEMATOPOIETIC AND LYMPHOID TISSUE
MOLM6_HAEMATOPOIETIC_AND_LYMPHOID_TISSUE,0.54,7.801908871160189,HAEMATOPOIETIC AND LYMPHOID TISSUE
MOLP2_HAEMATOPOIETIC_AND_LYMPHOID_TISSUE,0.5378,7.163779773296213,HAEMATOPOIETIC AND LYMPHOID TISSUE
MOLP8_HAEMATOPOIETIC_AND_LYMPHOID_TISSUE,0.5386,7.131344209716462,HAEMATOPOIETIC AND LYMPHOID TISSUE
MOLT13_HAEMATOPOIETIC_AND_LYMPHOID_TISSUE,0.5536,7.472531049208216,HAEMATOPOIETIC AND LYMPHOID TISSUE
MOLT16_HAEMATOPOIETIC_AND_LYMPHOID_TISSUE,0.5549,7.411023790780548,HAEMATOPOIETIC AND LYMPHOID TISSUE
MOLT3_HAEMATOPOIETIC_AND_LYMPHOID_TISSUE,0.5539,7.346801259685037,HAEMATOPOIETIC AND LYMPHOID TISSUE
MONOMAC1_HAEMATOPOIETIC_AND_LYMPHOID_TISSUE,0.5408,7.52296059658465,HAEMATOPOIETIC AND LYMPHOID TISSUE
MONOMAC6_HAEMATOPOIETIC_AND_LYMPHOID_TISSUE,0.5384,7.584795177826861,HAEMATOPOIETIC AND LYMPHOID TISSUE
MORCPR_LUNG,0.4521,14.978388800911564,LUNG
MSTO211H_PLEURA,0.5798,9.502510379260595,PLEURA
MUTZ5_HAEMATOPOIETIC_AND_LYMPHOID_TISSUE,0.5681,10.48424496228509,HAEMATOPOIETIC AND LYMPHOID TISSUE
NALM1_HAEMATOPOIETIC_AND_LYMPHOID_TISSUE,0.5659,10.571509935348494,HAEMATOPOIETIC AND LYMPHOID TISSUE
NALM6_HAEMATOPOIETIC_AND_LYMPHOID_TISSUE,0.567,10.491333840844508,HAEMATOPOIETIC AND LYMPHOID TISSUE
NAMALWA_HAEMATOPOIETIC_AND_LYMPHOID_TISSUE,0.5451,7.449200086514257,HAEMATOPOIETIC AND LYMPHOID TISSUE
NB1_AUTONOMIC_GANGLIA,0.3846,14.990528863916996,AUTONOMIC GANGLIA
NB4_HAEMATOPOIETIC_AND_LYMPHOID_TISSUE,0.5372,7.664270130508921,HAEMATOPOIETIC AND LYMPHOID TISSUE
NCIH1048_LUNG,0.3899,13.550261409707652,LUNG
NCIH1092_LUNG,0.4721,10.898137269089816,LUNG
NCIH1105_LUNG,0.473,11.22238886730582,LUNG
NCIH1184_LUNG,0.4647,11.692323645382656,LUNG
NCIH1299_LUNG,0.5762,9.374946897273144,LUNG
NCIH1339_LUNG,0.5772,9.50461255486046,LUNG
NCIH1341_LUNG,0.4479,12.070254237610683,LUNG
NCIH1373_LUNG,0.4203,18.16323880526558,LUNG
NCIH1385_LUNG,0.4714,8.379396781823841,LUNG
NCIH1395_LUNG,0.4507,16.064319858868057,LUNG
NCIH1435_LUNG,0.3728,18.47696715685701,LUNG
NCIH1437_LUNG,0.4572,15.84745078456226,LUNG
NCIH146_LUNG,0.4711,10.06010684795231,LUNG
NCIH1563_LUNG,0.4687,15.1735725256875,LUNG
NCIH1568_LUNG,0.4575,12.80053879311709,LUNG
NCIH1623_LUNG,0.464,15.71724712464785,LUNG
NCIH1650_LUNG,0.4696,12.589739477220414,LUNG
NCIH1693_LUNG,0.592,9.734053835260548,LUNG
NCIH1703_LUNG,0.5757,9.469772133780287,LUNG
NCIH1734_LUNG,0.3945,18.42541421103806,LUNG
NCIH1755_LUNG,0.4995,12.853131048848311,LUNG
NCIH1781_LUNG,0.3977,19.503574894101465,LUNG
NCIH1792_LUNG,0.5326,13.360983619190783,LUNG
NCIH1838_LUNG,0.4019,19.565329768727032,LUNG
NCIH1869_LUNG,0.4482,16.38356601485898,LUNG
NCIH1915_LUNG,0.5906,9.555649724624445,LUNG
NCIH1930_LUNG,0.4717,11.39062503629301,LUNG
NCIH1944_LUNG,0.4608,16.58376151021292,LUNG
NCIH1963_LUNG,0.4708,11.326389322303642,LUNG
NCIH196_LUNG,0.4634,14.41674968812446,LUNG
NCIH1975_LUNG,0.4542,16.456307722464633,LUNG
NCIH2030_LUNG,0.5948,10.312349141691032,LUNG
NCIH2052_PLEURA,0.5827,9.902714439120995,PLEURA
NCIH2073_LUNG,0.4451,16.418039616535406,LUNG
NCIH209_LUNG,0.4718,10.425315350232728,LUNG
NCIH2110_LUNG,0.4428,16.112668719047935,LUNG
NCIH211_LUNG,0.5239,10.008549873576522,LUNG
NCIH2122_LUNG,0.4463,16.219357626247785,LUNG
NCIH2170_LUNG,0.4488,16.211040172466078,LUNG
NCIH2172_LUNG,0.5942,10.54832228064433,LUNG
NCIH2228_LUNG,0.3944,19.05028692455664,LUNG
NCIH226_LUNG,0.6017,10.02987939471105,LUNG
NCIH2286_LUNG,0.5797,9.64888131620277,LUNG
NCIH2291_LUNG,0.4031,20.363760167127083,LUNG
NCIH2347_LUNG,0.4078,19.994193952306084,LUNG
NCIH23_LUNG,0.5769,9.757253102755648,LUNG
NCIH2405_LUNG,0.4558,17.024342397695445,LUNG
NCIH2444_LUNG,0.467,15.758898296294271,LUNG
NCIH2452_PLEURA,0.5964,10.7254932133391,PLEURA
NCIH28_PLEURA,0.4681,17.05299730996322,PLEURA
NCIH292_LUNG,0.489,14.10114102988311,LUNG
NCIH322_LUNG,0.4706,15.633265932435268,LUNG
NCIH3255_LUNG,0.4051,20.810170182063555,LUNG
NCIH358_LUNG,0.406,18.65223749864108,LUNG
NCIH441_LUNG,0.4044,21.16518769645568,LUNG
NCIH446_LUNG,0.3741,15.438766232838026,LUNG
NCIH460_LUNG,0.5688,12.17295969179252,LUNG
NCIH508_LARGE_INTESTINE,0.3201,14.707813257490896,LARGE INTESTINE
NCIH520_LUNG,0.467,12.35921350133399,LUNG
NCIH522_LUNG,0.578,9.631880509241173,LUNG
NCIH524_LUNG,0.3706,15.354303017114397,LUNG
NCIH526_LUNG,0.452,11.868930535776164,LUNG
NCIH596_LUNG,0.4283,16.53626139825146,LUNG
NCIH647_LUNG,0.4645,16.114166324021095,LUNG
NCIH660_PROSTATE,0.4704,9.087433729270812,PROSTATE
NCIH661_LUNG,0.5804,9.813674653149004,LUNG
NCIH69_LUNG,0.4749,11.494426253308395,LUNG
NCIH716_LARGE_INTESTINE,0.4317,12.277316894694785,LARGE INTESTINE
NCIH727_LUNG,0.3897,13.161091177472484,LUNG
NCIH747_LARGE_INTESTINE,0.4109,18.588207815153552,LARGE INTESTINE
NCIH82_LUNG,0.3786,14.759917971841704,LUNG
NCIH838_LUNG,0.5969,9.870311208183953,LUNG
NCIH854_LUNG,0.3202,14.531800267375946,LUNG
NCIH889_LUNG,0.4719,10.36743358675275,LUNG
NCIH929_HAEMATOPOIETIC_AND_LYMPHOID_TISSUE,0.5377,7.1159617747028205,HAEMATOPOIETIC AND LYMPHOID TISSUE
NCIN87_STOMACH,0.3705,20.96871972048364,STOMACH
NCO2_HAEMATOPOIETIC_AND_LYMPHOID_TISSUE,0.4423,18.166805138995816,HAEMATOPOIETIC AND LYMPHOID TISSUE
NIHOVCAR3_OVARY,0.4112,21.133682942813927,OVARY
NOMO1_HAEMATOPOIETIC_AND_LYMPHOID_TISSUE,0.5406,7.523375065509808,HAEMATOPOIETIC AND LYMPHOID TISSUE
NUDHL1_HAEMATOPOIETIC_AND_LYMPHOID_TISSUE,0.5452,7.551906885773757,HAEMATOPOIETIC AND LYMPHOID TISSUE
NUDUL1_HAEMATOPOIETIC_AND_LYMPHOID_TISSUE,0.5619,7.636495589685934,HAEMATOPOIETIC AND LYMPHOID TISSUE
NUGC2_STOMACH,0.463,14.149450451155062,STOMACH
NUGC3_STOMACH,0.527,12.98219605596316,STOMACH
NUGC4_STOMACH,0.3206,13.891583308720683,STOMACH
OC314_OVARY,0.4527,16.805047754815337,OVARY
OCIAML2_HAEMATOPOIETIC_AND_LYMPHOID_TISSUE,0.5404,7.5244935887049555,HAEMATOPOIETIC AND LYMPHOID TISSUE
OCILY3_HAEMATOPOIETIC_AND_LYMPHOID_TISSUE,0.5339,7.533228668246225,HAEMATOPOIETIC AND LYMPHOID TISSUE
OE19_OESOPHAGUS,0.3176,13.00107703317629,OESOPHAGUS
OE21_OESOPHAGUS,0.5884,11.695661767652142,OESOPHAGUS
OE33_OESOPHAGUS,0.408,19.27255104895024,OESOPHAGUS
ONCODG1_OVARY,0.4535,21.694016447880973,OVARY
ONS76_CENTRAL_NERVOUS_SYSTEM,0.4641,16.608316252349155,CENTRAL NERVOUS SYSTEM
OPM2_HAEMATOPOIETIC_AND_LYMPHOID_TISSUE,0.5378,7.104558007858463,HAEMATOPOIETIC AND LYMPHOID TISSUE
OSRC2_KIDNEY,0.4715,17.24423680642087,KIDNEY
OVCAR4_OVARY,0.4627,21.16290893259464,OVARY
OVCAR8_OVARY,0.5826,9.941200680736252,OVARY
OVISE_OVARY,0.4225,22.093480768945263,OVARY
OVKATE_OVARY,0.4237,20.455408368621114,OVARY
OVMANA_OVARY,0.4193,20.1171598095463,OVARY
OVSAHO_OVARY,0.464,21.618416520195773,OVARY
OVTOKO_OVARY,0.4162,20.394533363736084,OVARY
P12ICHIKAWA_HAEMATOPOIETIC_AND_LYMPHOID_TISSUE,0.554,7.351240733158716,HAEMATOPOIETIC AND LYMPHOID TISSUE
P31FUJ_HAEMATOPOIETIC_AND_LYMPHOID_TISSUE,0.5387,7.5837174219060275,HAEMATOPOIETIC AND LYMPHOID TISSUE
P3HR1_HAEMATOPOIETIC_AND_LYMPHOID_TISSUE,0.5545,7.093869429670679,HAEMATOPOIETIC AND LYMPHOID TISSUE
PANC0203_PANCREAS,0.4427,16.388441164892345,PANCREAS
PANC0213_PANCREAS,0.4759,11.87829228207253,PANCREAS
PANC0327_PANCREAS,0.4696,15.862882163593431,PANCREAS
PANC0403_PANCREAS,0.4446,16.2013078306924,PANCREAS
PANC0504_PANCREAS,0.4336,17.147325824060168,PANCREAS
PANC0813_PANCREAS,0.4382,17.27812141627857,PANCREAS
PANC1005_PANCREAS,0.4113,18.610342958053952,PANCREAS
PC14_LUNG,0.4622,15.776436289313883,LUNG
PEER_HAEMATOPOIETIC_AND_LYMPHOID_TISSUE,0.5554,7.566309174202621,HAEMATOPOIETIC AND LYMPHOID TISSUE
PF382_HAEMATOPOIETIC_AND_LYMPHOID_TISSUE,0.555,7.348488899584236,HAEMATOPOIETIC AND LYMPHOID TISSUE
PFEIFFER_HAEMATOPOIETIC_AND_LYMPHOID_TISSUE,0.5348,7.351635920137217,HAEMATOPOIETIC AND LYMPHOID TISSUE
PK1_PANCREAS,0.4712,15.66886882951284,PANCREAS
PK45H_PANCREAS,0.4613,16.553495196132925,PANCREAS
PK59_PANCREAS,0.432,16.34886076757933,PANCREAS
PL21_HAEMATOPOIETIC_AND_LYMPHOID_TISSUE,0.5386,7.54322485017674,HAEMATOPOIETIC AND LYMPHOID TISSUE
PSN1_PANCREAS,0.4664,16.5906711257947,PANCREAS
QGP1_PANCREAS,0.3958,8.941206392877138,PANCREAS
RAJI_HAEMATOPOIETIC_AND_LYMPHOID_TISSUE,0.5454,7.32640244013259,HAEMATOPOIETIC AND LYMPHOID TISSUE
RCHACV_HAEMATOPOIETIC_AND_LYMPHOID_TISSUE,0.5603,10.45459323942595,HAEMATOPOIETIC AND LYMPHOID TISSUE
RDES_BONE,0.5669,10.038079428504831,BONE
REC1_HAEMATOPOIETIC_AND_LYMPHOID_TISSUE,0.5372,7.402457326682294,HAEMATOPOIETIC AND LYMPHOID TISSUE
REH_HAEMATOPOIETIC_AND_LYMPHOID_TISSUE,0.5606,9.848842550585069,HAEMATOPOIETIC AND LYMPHOID TISSUE
RERFGC1B_STOMACH,0.4514,12.410025057358313,STOMACH
RERFLCAD1_LUNG,0.4034,21.12700796553264,LUNG
RERFLCAD2_LUNG,0.4695,15.679309812483742,LUNG
RERFLCKJ_LUNG,0.4324,16.264489951997177,LUNG
RERFLCSQ1_LUNG,0.4646,13.923920737551615,LUNG
RH18_SOFT_TISSUE,0.4705,13.8720065181777,SOFT TISSUE
RH30_SOFT_TISSUE,0.487,13.410389848291846,SOFT TISSUE
RH41_SOFT_TISSUE,0.4753,13.890773726901951,SOFT TISSUE
RI1_HAEMATOPOIETIC_AND_LYMPHOID_TISSUE,0.5362,7.419493379062806,HAEMATOPOIETIC AND LYMPHOID TISSUE
RL_HAEMATOPOIETIC_AND_LYMPHOID_TISSUE,0.5608,6.98630156751887,HAEMATOPOIETIC AND LYMPHOID TISSUE
RPMI8226_HAEMATOPOIETIC_AND_LYMPHOID_TISSUE,0.5369,7.174466501751289,HAEMATOPOIETIC AND LYMPHOID TISSUE
RPMI8402_HAEMATOPOIETIC_AND_LYMPHOID_TISSUE,0.5539,7.422241649123817,HAEMATOPOIETIC AND LYMPHOID TISSUE
RS411_HAEMATOPOIETIC_AND_LYMPHOID_TISSUE,0.568,8.763501086113862,HAEMATOPOIETIC AND LYMPHOID TISSUE
RT112_URINARY_TRACT,0.4627,15.9753022155057,URINARY TRACT
RVH421_SKIN,0.6153,10.742488098009687,SKIN
SET2_HAEMATOPOIETIC_AND_LYMPHOID_TISSUE,0.4347,19.402251854258136,HAEMATOPOIETIC AND LYMPHOID TISSUE
SF268_CENTRAL_NERVOUS_SYSTEM,0.4995,12.833675562079598,CENTRAL NERVOUS SYSTEM
SF295_CENTRAL_NERVOUS_SYSTEM,0.4713,13.576396595655156,CENTRAL NERVOUS SYSTEM
SF539_CENTRAL_NERVOUS_SYSTEM,0.4628,14.31453644820544,CENTRAL NERVOUS SYSTEM
SH10TC_STOMACH,0.613,9.993776901366704,STOMACH
SHP77_LUNG,0.4698,8.238476112739745,LUNG
SIMA_AUTONOMIC_GANGLIA,0.3441,17.04875141981007,AUTONOMIC GANGLIA
SJSA1_BONE,0.4655,14.28612039959016,BONE
SKM1_HAEMATOPOIETIC_AND_LYMPHOID_TISSUE,0.5381,7.610501670325572,HAEMATOPOIETIC AND LYMPHOID TISSUE
SKMEL30_SKIN,0.6158,10.732592495239984,SKIN
SKMEL5_SKIN,0.6159,10.73700957325922,SKIN
SKMM2_HAEMATOPOIETIC_AND_LYMPHOID_TISSUE,0.5389,7.11003666104664,HAEMATOPOIETIC AND LYMPHOID TISSUE
SNB75_CENTRAL_NERVOUS_SYSTEM,0.4663,14.384767534863228,CENTRAL NERVOUS SYSTEM
SNU1033_LARGE_INTESTINE,0.3314,14.577563681559154,LARGE INTESTINE
SNU1040_LARGE_INTESTINE,0.3205,15.501977129584864,LARGE INTESTINE
SNU1041_UPPER_AERODIGESTIVE_TRACT,0.5781,11.567596908360011,UPPER AERODIGESTIVE TRACT
SNU1066_UPPER_AERODIGESTIVE_TRACT,0.5749,10.34959005138447,UPPER AERODIGESTIVE TRACT
SNU1076_UPPER_AERODIGESTIVE_TRACT,0.5731,11.00617683086127,UPPER AERODIGESTIVE TRACT
SNU1077_ENDOMETRIUM,0.4154,21.810551209874014,ENDOMETRIUM
SNU1079_BILIARY_TRACT,0.4323,18.10206037441269,BILIARY TRACT
SNU1105_CENTRAL_NERVOUS_SYSTEM,0.467,14.099950200971154,CENTRAL NERVOUS SYSTEM
SNU1196_BILIARY_TRACT,0.3737,19.573262799370937,BILIARY TRACT
SNU119_OVARY,0.4156,22.382060949217493,OVARY
SNU1214_UPPER_AERODIGESTIVE_TRACT,0.5823,11.528088710422889,UPPER AERODIGESTIVE TRACT
SNU1272_KIDNEY,0.4692,17.181748201921383,KIDNEY
SNU16_STOMACH,0.3006,13.086564196882708,STOMACH
SNU175_LARGE_INTESTINE,0.3123,14.056327948967322,LARGE INTESTINE
SNU182_LIVER,0.476,13.6808860444567,LIVER
SNU1_STOMACH,0.5825,9.88999258485317,STOMACH
SNU201_CENTRAL_NERVOUS_SYSTEM,0.4657,14.46479032915249,CENTRAL NERVOUS SYSTEM
SNU213_PANCREAS,0.4578,16.0501149357709,PANCREAS
SNU216_STOMACH,0.4402,16.64172967309999,STOMACH
SNU245_BILIARY_TRACT,0.3058,13.404388986452666,BILIARY TRACT
SNU283_LARGE_INTESTINE,0.3076,13.655040841013998,LARGE INTESTINE
SNU308_BILIARY_TRACT,0.4721,15.427567193088178,BILIARY TRACT
SNU324_PANCREAS,0.4052,20.179750216167022,PANCREAS
SNU349_KIDNEY,0.4766,17.12264845483629,KIDNEY
SNU387_LIVER,0.4782,13.830159506727794,LIVER
SNU398_LIVER,0.5779,9.740156616305145,LIVER
SNU407_LARGE_INTESTINE,0.3305,15.412894576094873,LARGE INTESTINE
SNU410_PANCREAS,0.4581,16.51585913598968,PANCREAS
SNU423_LIVER,0.4914,13.182132610860602,LIVER
SNU449_LIVER,0.4588,17.789088246755515,LIVER
SNU466_CENTRAL_NERVOUS_SYSTEM,0.5818,11.486133875754646,CENTRAL NERVOUS SYSTEM
SNU46_UPPER_AERODIGESTIVE_TRACT,0.463,14.677336851811186,UPPER AERODIGESTIVE TRACT
SNU475_LIVER,0.4706,14.213910771824576,LIVER
SNU478_BILIARY_TRACT,0.4269,17.66482170492361,BILIARY TRACT
SNU489_CENTRAL_NERVOUS_SYSTEM,0.4643,14.151786741810373,CENTRAL NERVOUS SYSTEM
SNU503_LARGE_INTESTINE,0.5876,11.707253781786292,LARGE INTESTINE
SNU520_STOMACH,0.3149,13.663972293117304,STOMACH
SNU601_STOMACH,0.3211,16.104620626554258,STOMACH
SNU61_LARGE_INTESTINE,0.3081,13.20583846109891,LARGE INTESTINE
SNU620_STOMACH,0.3146,13.73391066850589,STOMACH
SNU626_CENTRAL_NERVOUS_SYSTEM,0.4664,14.42092964699299,CENTRAL NERVOUS SYSTEM
SNU668_STOMACH,0.4596,16.677320289732204,STOMACH
SNU685_ENDOMETRIUM,0.4721,13.981020944077438,ENDOMETRIUM
SNU719_STOMACH,0.3101,13.304487644564414,STOMACH
SNU738_CENTRAL_NERVOUS_SYSTEM,0.5895,10.088150081073543,CENTRAL NERVOUS SYSTEM
SNU761_LIVER,0.4481,17.957431935256185,LIVER
SNU81_LARGE_INTESTINE,0.3014,14.009002939064358,LARGE INTESTINE
SNU840_OVARY,0.4774,13.391856966262567,OVARY
SNU869_BILIARY_TRACT,0.3841,22.025954710898365,BILIARY TRACT
SNU878_LIVER,0.4646,17.541748819069934,LIVER
SNU886_LIVER,0.463,17.09891039092584,LIVER
SNU899_UPPER_AERODIGESTIVE_TRACT,0.5071,13.404210757991526,UPPER AERODIGESTIVE TRACT
SNU8_OVARY,0.4488,16.396487580244365,OVARY
SNUC1_LARGE_INTESTINE,0.31,13.969662753051647,LARGE INTESTINE
SNUC4_LARGE_INTESTINE,0.3048,14.094409764153353,LARGE INTESTINE
SNUC5_LARGE_INTESTINE,0.3709,19.70259612478719,LARGE INTESTINE
SQ1_LUNG,0.4451,16.55965657319905,LUNG
SR786_HAEMATOPOIETIC_AND_LYMPHOID_TISSUE,0.5682,7.833622629591933,HAEMATOPOIETIC AND LYMPHOID TISSUE
ST486_HAEMATOPOIETIC_AND_LYMPHOID_TISSUE,0.5531,7.321742698457882,HAEMATOPOIETIC AND LYMPHOID TISSUE
SU8686_PANCREAS,0.4054,16.70208756279097,PANCREAS
SUDHL10_HAEMATOPOIETIC_AND_LYMPHOID_TISSUE,0.5604,6.944757153321219,HAEMATOPOIETIC AND LYMPHOID TISSUE
SUDHL1_HAEMATOPOIETIC_AND_LYMPHOID_TISSUE,0.5703,7.9060499306596865,HAEMATOPOIETIC AND LYMPHOID TISSUE
SUDHL4_HAEMATOPOIETIC_AND_LYMPHOID_TISSUE,0.5606,6.931373767079414,HAEMATOPOIETIC AND LYMPHOID TISSUE
SUDHL5_HAEMATOPOIETIC_AND_LYMPHOID_TISSUE,0.5549,6.980017959018526,HAEMATOPOIETIC AND LYMPHOID TISSUE
SUDHL6_HAEMATOPOIETIC_AND_LYMPHOID_TISSUE,0.5473,7.085385264189572,HAEMATOPOIETIC AND LYMPHOID TISSUE
SUDHL8_HAEMATOPOIETIC_AND_LYMPHOID_TISSUE,0.5621,7.539515407208999,HAEMATOPOIETIC AND LYMPHOID TISSUE
SUPM2_HAEMATOPOIETIC_AND_LYMPHOID_TISSUE,0.5713,7.834424511598622,HAEMATOPOIETIC AND LYMPHOID TISSUE
SUPT11_HAEMATOPOIETIC_AND_LYMPHOID_TISSUE,0.5542,7.282229911535949,HAEMATOPOIETIC AND LYMPHOID TISSUE
SUPT1_HAEMATOPOIETIC_AND_LYMPHOID_TISSUE,0.5535,7.3172769429491,HAEMATOPOIETIC AND LYMPHOID TISSUE
SW1088_CENTRAL_NERVOUS_SYSTEM,0.4639,14.29086987549926,CENTRAL NERVOUS SYSTEM
SW1353_BONE,0.4635,13.572080652210785,BONE
SW1463_LARGE_INTESTINE,0.3285,15.350007735955712,LARGE INTESTINE
SW1783_CENTRAL_NERVOUS_SYSTEM,0.4659,13.965975972530964,CENTRAL NERVOUS SYSTEM
SW1990_PANCREAS,0.47,15.82150067756208,PANCREAS
SW837_LARGE_INTESTINE,0.3719,19.801430494981823,LARGE INTESTINE
T47D_BREAST,0.3679,10.71059552441794,BREAST
TALL1_HAEMATOPOIETIC_AND_LYMPHOID_TISSUE,0.5539,7.342569050139676,HAEMATOPOIETIC AND LYMPHOID TISSUE
TCCPAN2_PANCREAS,0.417,19.08041734828487,PANCREAS
TE10_OESOPHAGUS,0.5851,11.728780631979932,OESOPHAGUS
TE11_OESOPHAGUS,0.5846,11.515859008286515,OESOPHAGUS
TE14_OESOPHAGUS,0.5875,11.713516566256404,OESOPHAGUS
TE15_OESOPHAGUS,0.5788,11.587343117643949,OESOPHAGUS
TE1_OESOPHAGUS,0.461,12.776428005616376,OESOPHAGUS
TE4_OESOPHAGUS,0.4555,15.908996647452945,OESOPHAGUS
TE5_OESOPHAGUS,0.5802,10.172426668183228,OESOPHAGUS
TE6_OESOPHAGUS,0.5816,11.841447411124102,OESOPHAGUS
TE8_OESOPHAGUS,0.4601,12.923072509077366,OESOPHAGUS
TE9_OESOPHAGUS,0.5793,11.533808536773014,OESOPHAGUS
TF1_HAEMATOPOIETIC_AND_LYMPHOID_TISSUE,0.4407,19.01171299728092,HAEMATOPOIETIC AND LYMPHOID TISSUE
THP1_HAEMATOPOIETIC_AND_LYMPHOID_TISSUE,0.5404,7.530424483580933,HAEMATOPOIETIC AND LYMPHOID TISSUE
TOLEDO_HAEMATOPOIETIC_AND_LYMPHOID_TISSUE,0.5713,8.320288417420024,HAEMATOPOIETIC AND LYMPHOID TISSUE
TT2609C02_THYROID,0.5974,10.587414408460024,THYROID
TUHR10TKB_KIDNEY,0.4673,16.86837448178007,KIDNEY
TUHR14TKB_KIDNEY,0.4722,17.26780500995426,KIDNEY
U266B1_HAEMATOPOIETIC_AND_LYMPHOID_TISSUE,0.537,7.14694282464024,HAEMATOPOIETIC AND LYMPHOID TISSUE
UACC257_SKIN,0.617,10.71141949553559,SKIN
UACC62_SKIN,0.6109,11.025859088640324,SKIN
UACC812_BREAST,0.365,10.79125255766153,BREAST
UO31_KIDNEY,0.4706,15.679897028005485,KIDNEY
WM1799_SKIN,0.614,10.828613176300156,SKIN
WM793_SKIN,0.5795,11.588715098471274,SKIN
WM88_SKIN,0.6122,10.951285412946604,SKIN
WM983B_SKIN,0.6131,10.854574861490631,SKIN
WSUDLCL2_HAEMATOPOIETIC_AND_LYMPHOID_TISSUE,0.561,6.924013125469325,HAEMATOPOIETIC AND LYMPHOID TISSUE
YAPC_PANCREAS,0.3752,20.577614413259106,PANCREAS
YD10B_UPPER_AERODIGESTIVE_TRACT,0.5789,11.379627354988218,UPPER AERODIGESTIVE TRACT
YD15_SALIVARY_GLAND,0.5833,11.371696670450742,SALIVARY GLAND
YD38_UPPER_AERODIGESTIVE_TRACT,0.5822,11.212096076094491,UPPER AERODIGESTIVE TRACT
YD8_UPPER_AERODIGESTIVE_TRACT,0.4779,13.73695987484126,UPPER AERODIGESTIVE TRACT
ZR751_BREAST,0.3653,10.843867214487965,BREAST
ZR7530_BREAST,0.3664,10.75252783520584,BREAST
